REC_ID,DEP_NAME,COUNTRY,STATE,COMMODITY,DEP_TYPE,DETAIL,MODEL,DEP_MODEL,CITATION,CATEGORY,URL
246,Emperor,Fiji,,Gold,Hydrothermal,,,,"Kwak, 1990",Gold,https://mrdata.usgs.gov/major-deposits/show-ofr20051294.php?rec_id=246
394,Reefton,New Zealand,,Gold,Hydrothermal,,,,"Williams, 1974",Gold,https://mrdata.usgs.gov/major-deposits/show-ofr20051294.php?rec_id=394
395,Waihi,New Zealand,,Gold,Hydrothermal,,,,"Williams, 1974",Gold,https://mrdata.usgs.gov/major-deposits/show-ofr20051294.php?rec_id=395
35,Palmer River,Australia,,Gold,Surficial,,,,"GSA, OZMIN",Gold,https://mrdata.usgs.gov/major-deposits/show-ofr20051294.php?rec_id=35
148,Huanan,China,,Gold,Surficial,,,,"Ariunbileg and others, 2003",Gold,https://mrdata.usgs.gov/major-deposits/show-ofr20051294.php?rec_id=148
149,Huma,China,,Gold,Surficial,,,,"Ariunbileg and others, 2003",Gold,https://mrdata.usgs.gov/major-deposits/show-ofr20051294.php?rec_id=149
151,Jiayin,China,,Gold,Surficial,,,,"Ariunbileg and others, 2003",Gold,https://mrdata.usgs.gov/major-deposits/show-ofr20051294.php?rec_id=151
155,Mohe,China,,Gold,Surficial,,,,"Ariunbileg and others, 2003",Gold,https://mrdata.usgs.gov/major-deposits/show-ofr20051294.php?rec_id=155
527,Donlin Creek,United States,Alaska,gold,Hydrothermal,Intrusion-related gold deposit,43,Plutonic porphyry Au,Long and others (1998),Gold,https://mrdata.usgs.gov/major-deposits/show-ofr20051294.php?rec_id=527
528,Fort Knox,United States,Alaska,gold,Hydrothermal,Intrusion-related gold deposit,43,Plutonic porphyry Au,Long and others (1998),Gold,https://mrdata.usgs.gov/major-deposits/show-ofr20051294.php?rec_id=528
529,Pogo (Liese zone),United States,Alaska,gold,Hydrothermal,Intrusion-related gold deposit,43,Plutonic porphyry Au,Mutschler and others (1999),Gold,https://mrdata.usgs.gov/major-deposits/show-ofr20051294.php?rec_id=529
530,"Alaska - Juneau (A.J., Perseverance)",United States,Alaska,gold,Hydrothermal,Orogenic gold veins,36a,Low-sulfide Au-quartz vein,Long and others (1998),Gold,https://mrdata.usgs.gov/major-deposits/show-ofr20051294.php?rec_id=530
531,Empire - North Star,United States,California,gold,Hydrothermal,Orogenic gold veins,36a,Low-sulfide Au-quartz vein,Long and others (1998),Gold,https://mrdata.usgs.gov/major-deposits/show-ofr20051294.php?rec_id=531
532,Homestake,United States,South Dakota,gold,Hydrothermal,Orogenic gold veins,36b,Homestake Au,Long and others (1998),Gold,https://mrdata.usgs.gov/major-deposits/show-ofr20051294.php?rec_id=532
533,Idaho - Maryland - Eureka - Brunswick,United States,California,gold,Hydrothermal,Orogenic gold veins,36a,Low-sulfide Au-quartz vein,Long and others (1998),Gold,https://mrdata.usgs.gov/major-deposits/show-ofr20051294.php?rec_id=533
146,Erdaogou,China,,Gold,Hydrothermal,,,,"Ariunbileg and others, 2003",Gold,https://mrdata.usgs.gov/major-deposits/show-ofr20051294.php?rec_id=146
825,Pass Peak Formation,United States,Wyoming,gold,Surficial,Placer gold deposit,39a,Placer Au-PGE,Long and others (1998),Gold,https://mrdata.usgs.gov/major-deposits/show-ofr20051294.php?rec_id=825
534,Jamestown,United States,California,gold,Hydrothermal,Orogenic gold veins,36a,Low-sulfide Au-quartz vein,Long and others (1998),Gold,https://mrdata.usgs.gov/major-deposits/show-ofr20051294.php?rec_id=534
1458,Nurkazgan,Kazakhstan,,Gold,Igneous,,,,,Gold,https://mrdata.usgs.gov/major-deposits/show-ofr20051294.php?rec_id=1458
821,Manhatten Alluvial Fan,United States,Nevada,gold,Surficial,Placer gold deposit,39a,Placer Au-PGE,Orris and Bliss (1985),Gold,https://mrdata.usgs.gov/major-deposits/show-ofr20051294.php?rec_id=821
815,Columbia,United States,California,gold,Surficial,Placer gold deposit,39a,Placer Au-PGE,Long and others (1998),Gold,https://mrdata.usgs.gov/major-deposits/show-ofr20051294.php?rec_id=815
816,Fairbanks,United States,Alaska,gold,Surficial,Placer gold deposit,39a,Placer Au-PGE,Long and others (1998),Gold,https://mrdata.usgs.gov/major-deposits/show-ofr20051294.php?rec_id=816
817,Folsom,United States,California,gold,Surficial,Placer gold deposit,39a,Placer Au-PGE,Long and others (1998),Gold,https://mrdata.usgs.gov/major-deposits/show-ofr20051294.php?rec_id=817
818,Greaterville,United States,Arizona,gold,Surficial,Placer gold deposit,39a,Placer Au-PGE,Long and others (1998),Gold,https://mrdata.usgs.gov/major-deposits/show-ofr20051294.php?rec_id=818
819,Hammonton,United States,California,gold,Surficial,Placer gold deposit,39a,Placer Au-PGE,Long and others (1998),Gold,https://mrdata.usgs.gov/major-deposits/show-ofr20051294.php?rec_id=819
820,Kougarok,United States,Alaska,gold,Surficial,Placer gold deposit,39a,Placer Au-PGE,Long and others (1998),Gold,https://mrdata.usgs.gov/major-deposits/show-ofr20051294.php?rec_id=820
822,Nome,United States,Alaska,gold,Surficial,Placer gold deposit,39a,Placer Au-PGE,Long and others (1998),Gold,https://mrdata.usgs.gov/major-deposits/show-ofr20051294.php?rec_id=822
823,North Bloomfield,United States,California,gold,Surficial,Placer gold deposit,39a,Placer Au-PGE,Long and others (1998),Gold,https://mrdata.usgs.gov/major-deposits/show-ofr20051294.php?rec_id=823
824,Oregon Gulch,United States,Wyoming,gold,Surficial,Placer gold deposit,39a,Placer Au-PGE,Long and others (1998),Gold,https://mrdata.usgs.gov/major-deposits/show-ofr20051294.php?rec_id=824
844,York,United States,Montana,gold,Unclassified,Unclassified,,Unclassified,Long and others (1998),Gold,https://mrdata.usgs.gov/major-deposits/show-ofr20051294.php?rec_id=844
858,Cerro Vanguardia,Argentina,,Gold,Hydrothermal,,,,"Schalamuk and others+G124, 1997",Gold,https://mrdata.usgs.gov/major-deposits/show-ofr20051294.php?rec_id=858
34,Kalgoorlie,Australia,,Gold,Hydrothermal,,,,"Hughes, 1990",Gold,https://mrdata.usgs.gov/major-deposits/show-ofr20051294.php?rec_id=34
926,Fazenda Brasileiro,Brazil,,Gold,Hydrothermal,,,,"Skillings, 1988",Gold,https://mrdata.usgs.gov/major-deposits/show-ofr20051294.php?rec_id=926
961,SÃ£o Bento,Brazil,,Gold,Hydrothermal,,,,"Gurmendi and others, 1999",Gold,https://mrdata.usgs.gov/major-deposits/show-ofr20051294.php?rec_id=961
974,Aunor-DelniteAnkerite,Canada,,Gold,Hydrothermal,,,,"Ontario Ministry of Northern Development and Mines, 2003b",Gold,https://mrdata.usgs.gov/major-deposits/show-ofr20051294.php?rec_id=974
983,Bralorne-Pioneer,Canada,,Gold,Hydrothermal,,,,"Kirkham and Rafer, 2003",Gold,https://mrdata.usgs.gov/major-deposits/show-ofr20051294.php?rec_id=983
986,Campbell (Red LakeDickenson),Canada,,Gold,Hydrothermal,,,,"Singer and others, 1993",Gold,https://mrdata.usgs.gov/major-deposits/show-ofr20051294.php?rec_id=986
999,Dome-PaymasterPreston,Canada,,Gold,Hydrothermal,,,,"Kirkham and Rafer, 2003",Gold,https://mrdata.usgs.gov/major-deposits/show-ofr20051294.php?rec_id=999
1002,Dublin Gulch,Canada,,Gold,Hydrothermal,,,,"Mutschler and others, 1999",Gold,https://mrdata.usgs.gov/major-deposits/show-ofr20051294.php?rec_id=1002
1025,Hollinger-Mcintryre,Canada,,Gold,Hydrothermal,,,,"Kirkham and Rafer, 2003",Gold,https://mrdata.usgs.gov/major-deposits/show-ofr20051294.php?rec_id=1025
1034,Kerr (Kerr-Addison),Canada,,Gold,Hydrothermal,,,,"Ontario Ministry of Northern Development and Mines, 2003a",Gold,https://mrdata.usgs.gov/major-deposits/show-ofr20051294.php?rec_id=1034
1037,"Kirkland Lake (Macassa, Kirkland Lake, Teck Hughes, Lake Shore, Wright Hargreaves, Sylvanite, Toburn)",Canada,,Gold,Hydrothermal,,,,"Kirkham and Rafer, 2003",Gold,https://mrdata.usgs.gov/major-deposits/show-ofr20051294.php?rec_id=1037
994,Con,Canada,,Gold,Hydrothermal,,,,"Kirkham and Rafer, 2003",Gold,https://mrdata.usgs.gov/major-deposits/show-ofr20051294.php?rec_id=994
1058,Musselwhite Mine,Canada,,Gold,Hydrothermal,,,,"Placer Dome, Inc., 2002",Gold,https://mrdata.usgs.gov/major-deposits/show-ofr20051294.php?rec_id=1058
1063,Pamour-HallnorBroulan,Canada,,Gold,Hydrothermal,,,,"Ontario Ministry of Northern Development and Mines, 2003b",Gold,https://mrdata.usgs.gov/major-deposits/show-ofr20051294.php?rec_id=1063
1074,Sigma-Lamaque,Canada,,Gold,Hydrothermal,,,,"Kirkham and Rafer, 2003",Gold,https://mrdata.usgs.gov/major-deposits/show-ofr20051294.php?rec_id=1074
1087,Tiriruniak,Canada,,Gold,Hydrothermal,,,,"Kirkham and Rafer, 2003",Gold,https://mrdata.usgs.gov/major-deposits/show-ofr20051294.php?rec_id=1087
1166,Omai,Guyana,,Gold,Hydrothermal,,,,"Voicu and others, 1999",Gold,https://mrdata.usgs.gov/major-deposits/show-ofr20051294.php?rec_id=1166
2233,Kilo-Moto,Congo (Kinshasa),,Gold,Unclassified,,,,,Gold,https://mrdata.usgs.gov/major-deposits/show-ofr20051294.php?rec_id=2233
1280,Yanacocha,Peru,,Gold,Hydrothermal,,,,"Harris and others, 1994; Bartra, 2000",Gold,https://mrdata.usgs.gov/major-deposits/show-ofr20051294.php?rec_id=1280
1256,Alto Chicama,Peru,,Gold,Hydrothermal,,,,"Barrick Gold, 2002",Gold,https://mrdata.usgs.gov/major-deposits/show-ofr20051294.php?rec_id=1256
147,Hanshan,China,,Gold,Hydrothermal,,,,"Ariunbileg and others, 2003",Gold,https://mrdata.usgs.gov/major-deposits/show-ofr20051294.php?rec_id=147
1295,Zod,Armenia,,Gold,Hydrothermal,,,,,Gold,https://mrdata.usgs.gov/major-deposits/show-ofr20051294.php?rec_id=1295
355,Tolgoit,Mongolia,,Gold,Surficial,,,,"ESCAP, 1999b",Gold,https://mrdata.usgs.gov/major-deposits/show-ofr20051294.php?rec_id=355
535,Kensington - Jualin,United States,Alaska,gold,Hydrothermal,Orogenic gold veins,36a,Low-sulfide Au-quartz vein,Long and others (1998),Gold,https://mrdata.usgs.gov/major-deposits/show-ofr20051294.php?rec_id=535
150,Jiaodong,China,,Gold,Hydrothermal,,,,"Kamitani and Naito, 1998",Gold,https://mrdata.usgs.gov/major-deposits/show-ofr20051294.php?rec_id=150
1306,Chelopech,Bulgaria,,Gold,Hydrothermal,,,,,Gold,https://mrdata.usgs.gov/major-deposits/show-ofr20051294.php?rec_id=1306
1319,Juomasuo,Finland,,Gold,Hydrothermal,,,,,Gold,https://mrdata.usgs.gov/major-deposits/show-ofr20051294.php?rec_id=1319
1322,Kutemajarvi,Finland,,Gold,Hydrothermal,,,,,Gold,https://mrdata.usgs.gov/major-deposits/show-ofr20051294.php?rec_id=1322
1327,OrivesiÂ Â ,Finland,,Gold,Hydrothermal,,,,,Gold,https://mrdata.usgs.gov/major-deposits/show-ofr20051294.php?rec_id=1327
1330,Pampalo,Finland,,Gold,Hydrothermal,,,,,Gold,https://mrdata.usgs.gov/major-deposits/show-ofr20051294.php?rec_id=1330
1334,Suurikiisikko,Finland,,Gold,Hydrothermal,,,,,Gold,https://mrdata.usgs.gov/major-deposits/show-ofr20051294.php?rec_id=1334
1342,Salsigne,France,,Gold,Hydrothermal,,,,,Gold,https://mrdata.usgs.gov/major-deposits/show-ofr20051294.php?rec_id=1342
1348,Zopkhito,Georgia,,Gold,Hydrothermal,,,,,Gold,https://mrdata.usgs.gov/major-deposits/show-ofr20051294.php?rec_id=1348
1358,Olympias/Kassandra,Greece,,Gold,Hydrothermal,,,,,Gold,https://mrdata.usgs.gov/major-deposits/show-ofr20051294.php?rec_id=1358
2362,Iduapriem,Ghana,,Gold,Surficial,,,,,Gold,https://mrdata.usgs.gov/major-deposits/show-ofr20051294.php?rec_id=2362
1371,Osilo,Italy,,Gold,Hydrothermal,,,,,Gold,https://mrdata.usgs.gov/major-deposits/show-ofr20051294.php?rec_id=1371
1374,Skouries/Fioska,Italy,,Gold,Hydrothermal,,,,,Gold,https://mrdata.usgs.gov/major-deposits/show-ofr20051294.php?rec_id=1374
1384,Nalunaq,Kalaallit Nunaat (Greenland),,Gold,Hydrothermal,,,,,Gold,https://mrdata.usgs.gov/major-deposits/show-ofr20051294.php?rec_id=1384
1385,"Platinova Reef, Skaergaard Intrusion",Kalaallit Nunaat (Greenland),,Gold,Igneous,,,,,Gold,https://mrdata.usgs.gov/major-deposits/show-ofr20051294.php?rec_id=1385
1400,Aqbakai,Kazakhstan,,Gold,Igneous,,,,,Gold,https://mrdata.usgs.gov/major-deposits/show-ofr20051294.php?rec_id=1400
1402,Aqtash,Kazakhstan,,Gold,Igneous,,,,,Gold,https://mrdata.usgs.gov/major-deposits/show-ofr20051294.php?rec_id=1402
1408,Baqyrchik,Kazakhstan,,Gold,Hydrothermal,,,,,Gold,https://mrdata.usgs.gov/major-deposits/show-ofr20051294.php?rec_id=1408
1416,Bestobe West,Kazakhstan,,Gold,Igneous,,,,,Gold,https://mrdata.usgs.gov/major-deposits/show-ofr20051294.php?rec_id=1416
1419,Bolshevik,Kazakhstan,,Gold,Hydrothermal,,,,,Gold,https://mrdata.usgs.gov/major-deposits/show-ofr20051294.php?rec_id=1419
1448,Kvartsitovye Gorki,Kazakhstan,,Gold,Igneous,,,,,Gold,https://mrdata.usgs.gov/major-deposits/show-ofr20051294.php?rec_id=1448
1451,Maikain,Kazakhstan,,Gold,Hydrothermal,,,,,Gold,https://mrdata.usgs.gov/major-deposits/show-ofr20051294.php?rec_id=1451
1481,Vasil'evskoe,Kazakhstan,,Gold,Igneous,,,,,Gold,https://mrdata.usgs.gov/major-deposits/show-ofr20051294.php?rec_id=1481
1482,Vasil'kovskoe,Kazakhstan,,Gold,Igneous,,,,,Gold,https://mrdata.usgs.gov/major-deposits/show-ofr20051294.php?rec_id=1482
1491,Zholymbet,Kazakhstan,,Gold,Igneous,,,,,Gold,https://mrdata.usgs.gov/major-deposits/show-ofr20051294.php?rec_id=1491
1493,Andash,Kyrgyzstan,,Gold,Igneous,,,,,Gold,https://mrdata.usgs.gov/major-deposits/show-ofr20051294.php?rec_id=1493
1496,Chaarat,Kyrgyzstan,,Gold,Igneous,,,,,Gold,https://mrdata.usgs.gov/major-deposits/show-ofr20051294.php?rec_id=1496
1500,Jerooy,Kyrgyzstan,,Gold,Igneous,,,,,Gold,https://mrdata.usgs.gov/major-deposits/show-ofr20051294.php?rec_id=1500
1503,Kuku-Tegerek,Kyrgyzstan,,Gold,Hydrothermal,,,,,Gold,https://mrdata.usgs.gov/major-deposits/show-ofr20051294.php?rec_id=1503
1504,Kumtor,Kyrgyzstan,,Gold,Igneous,,,,,Gold,https://mrdata.usgs.gov/major-deposits/show-ofr20051294.php?rec_id=1504
1505,Kuru-Tegerek,Kyrgyzstan,,Gold,Igneous,,,,,Gold,https://mrdata.usgs.gov/major-deposits/show-ofr20051294.php?rec_id=1505
1507,Makmal,Kyrgyzstan,,Gold,Igneous,,,,,Gold,https://mrdata.usgs.gov/major-deposits/show-ofr20051294.php?rec_id=1507
1509,Taldybulak Levoberezhny,Kyrgyzstan,,Gold,Igneous,,,,,Gold,https://mrdata.usgs.gov/major-deposits/show-ofr20051294.php?rec_id=1509
1537,Adychan,Russia,,Gold,Surficial,,,,,Gold,https://mrdata.usgs.gov/major-deposits/show-ofr20051294.php?rec_id=1537
1538,Aginskoe,Russia,,Gold,Hydrothermal,,,,,Gold,https://mrdata.usgs.gov/major-deposits/show-ofr20051294.php?rec_id=1538
1548,Aliskerov,Russia,,Gold,Surficial,,,,,Gold,https://mrdata.usgs.gov/major-deposits/show-ofr20051294.php?rec_id=1548
1549,Allakh-Yun,Russia,,Gold,Surficial,,,,,Gold,https://mrdata.usgs.gov/major-deposits/show-ofr20051294.php?rec_id=1549
1550,Ametistovoe,Russia,,Gold,Hydrothermal,,,,,Gold,https://mrdata.usgs.gov/major-deposits/show-ofr20051294.php?rec_id=1550
1553,Asachinskoe,Russia,,Gold,Hydrothermal,,,,,Gold,https://mrdata.usgs.gov/major-deposits/show-ofr20051294.php?rec_id=1553
1554,Badran-Bezvodnyj,Russia,,Gold,Surficial,,,,,Gold,https://mrdata.usgs.gov/major-deposits/show-ofr20051294.php?rec_id=1554
1557,Baley,Russia,,Gold,Hydrothermal,,,,,Gold,https://mrdata.usgs.gov/major-deposits/show-ofr20051294.php?rec_id=1557
1567,Berezovsk,Russia,,Gold,Hydrothermal,,,,,Gold,https://mrdata.usgs.gov/major-deposits/show-ofr20051294.php?rec_id=1567
1570,Blagoveshchensk-Svobodnensky district,Russia,,Gold,Surficial,,,,,Gold,https://mrdata.usgs.gov/major-deposits/show-ofr20051294.php?rec_id=1570
1571,Bodajbo,Russia,,Gold,Surficial,,,,,Gold,https://mrdata.usgs.gov/major-deposits/show-ofr20051294.php?rec_id=1571
1578,Burindinskoe,Russia,,Gold,Hydrothermal,,,,,Gold,https://mrdata.usgs.gov/major-deposits/show-ofr20051294.php?rec_id=1578
1581,Chepak,Russia,,Gold,Igneous,,,,,Gold,https://mrdata.usgs.gov/major-deposits/show-ofr20051294.php?rec_id=1581
1583,Dambuki,Russia,,Gold,Surficial,,,,,Gold,https://mrdata.usgs.gov/major-deposits/show-ofr20051294.php?rec_id=1583
1584,Darasunskoe,Russia,,Gold,Hydrothermal,,,,,Gold,https://mrdata.usgs.gov/major-deposits/show-ofr20051294.php?rec_id=1584
1588,Dukat,Russia,,Gold,Hydrothermal,,,,,Gold,https://mrdata.usgs.gov/major-deposits/show-ofr20051294.php?rec_id=1588
1589,Dzhagdy,Russia,,Gold,Surficial,,,,,Gold,https://mrdata.usgs.gov/major-deposits/show-ofr20051294.php?rec_id=1589
1601,Gonzhinsky (Gonzha),Russia,,Gold,Surficial,,,,,Gold,https://mrdata.usgs.gov/major-deposits/show-ofr20051294.php?rec_id=1601
1619,Julietta,Russia,,Gold,Hydrothermal,,,,,Gold,https://mrdata.usgs.gov/major-deposits/show-ofr20051294.php?rec_id=1619
1627,Karalveem,Russia,,Gold,Hydrothermal,,,,,Gold,https://mrdata.usgs.gov/major-deposits/show-ofr20051294.php?rec_id=1627
1628,Karamken,Russia,,Gold,Hydrothermal,,,,,Gold,https://mrdata.usgs.gov/major-deposits/show-ofr20051294.php?rec_id=1628
1634,Khakandzhinskoe (Khakandzha),Russia,,Gold,Hydrothermal,,,,,Gold,https://mrdata.usgs.gov/major-deposits/show-ofr20051294.php?rec_id=1634
1641,Kirovskoe,Russia,,Gold,Igneous,,,,,Gold,https://mrdata.usgs.gov/major-deposits/show-ofr20051294.php?rec_id=1641
1652,Kubaka,Russia,,Gold,Hydrothermal,,,,,Gold,https://mrdata.usgs.gov/major-deposits/show-ofr20051294.php?rec_id=1652
1654,Kumroch,Russia,,Gold,Hydrothermal,,,,,Gold,https://mrdata.usgs.gov/major-deposits/show-ofr20051294.php?rec_id=1654
1658,"Kurun-Agalyk, Njuchcha, Nera, Zenit",Russia,,Gold,Surficial,,,,,Gold,https://mrdata.usgs.gov/major-deposits/show-ofr20051294.php?rec_id=1658
1659,Kurun-Uryakh,Russia,,Gold,Surficial,,,,,Gold,https://mrdata.usgs.gov/major-deposits/show-ofr20051294.php?rec_id=1659
1660,Kyuchyus,Russia,,Gold,Hydrothermal,,,,,Gold,https://mrdata.usgs.gov/major-deposits/show-ofr20051294.php?rec_id=1660
1665,Lebedinskoe 2,Russia,,Gold,Hydrothermal,,,,,Gold,https://mrdata.usgs.gov/major-deposits/show-ofr20051294.php?rec_id=1665
156,Paishanlou,China,,Gold,Hydrothermal,,,,"Ariunbileg and others, 2003",Gold,https://mrdata.usgs.gov/major-deposits/show-ofr20051294.php?rec_id=156
1677,Maiskoe,Russia,,Gold,Hydrothermal,,,,,Gold,https://mrdata.usgs.gov/major-deposits/show-ofr20051294.php?rec_id=1677
1679,Malokhingansky district,Russia,,Gold,Surficial,,,,,Gold,https://mrdata.usgs.gov/major-deposits/show-ofr20051294.php?rec_id=1679
1681,Malomyr,Russia,,Gold,Hydrothermal,,,,,Gold,https://mrdata.usgs.gov/major-deposits/show-ofr20051294.php?rec_id=1681
1688,Natalka,Russia,,Gold,Hydrothermal,,,,,Gold,https://mrdata.usgs.gov/major-deposits/show-ofr20051294.php?rec_id=1688
1690,Netchen-Khaya,Russia,,Gold,Igneous,,,,,Gold,https://mrdata.usgs.gov/major-deposits/show-ofr20051294.php?rec_id=1690
1691,Nezhdaninka,Russia,,Gold,Hydrothermal,,,,,Gold,https://mrdata.usgs.gov/major-deposits/show-ofr20051294.php?rec_id=1691
1695,Nizhne-Kjuchusskoe,Russia,,Gold,Hydrothermal,,,,,Gold,https://mrdata.usgs.gov/major-deposits/show-ofr20051294.php?rec_id=1695
1697,Nizhnenyukzinsky district,Russia,,Gold,Surficial,,,,,Gold,https://mrdata.usgs.gov/major-deposits/show-ofr20051294.php?rec_id=1697
1701,Okhotsk,Russia,,Gold,Surficial,,,,,Gold,https://mrdata.usgs.gov/major-deposits/show-ofr20051294.php?rec_id=1701
1702,Olcha,Russia,,Gold,Hydrothermal,,,,,Gold,https://mrdata.usgs.gov/major-deposits/show-ofr20051294.php?rec_id=1702
1705,Olympiada,Russia,,Gold,Sedimentary,,,,,Gold,https://mrdata.usgs.gov/major-deposits/show-ofr20051294.php?rec_id=1705
1712,Pavlik,Russia,,Gold,Hydrothermal,,,,,Gold,https://mrdata.usgs.gov/major-deposits/show-ofr20051294.php?rec_id=1712
1717,Pioneer,Russia,,Gold,Igneous,,,,,Gold,https://mrdata.usgs.gov/major-deposits/show-ofr20051294.php?rec_id=1717
1719,Pokrovskoe,Russia,,Gold,Hydrothermal,,,,,Gold,https://mrdata.usgs.gov/major-deposits/show-ofr20051294.php?rec_id=1719
1722,Rodnikovoe,Russia,,Gold,Hydrothermal,,,,,Gold,https://mrdata.usgs.gov/major-deposits/show-ofr20051294.php?rec_id=1722
1730,Sarylakhskoe,Russia,,Gold,Hydrothermal,,,,,Gold,https://mrdata.usgs.gov/major-deposits/show-ofr20051294.php?rec_id=1730
1732,Sentachan,Russia,,Gold,Igneous,,,,,Gold,https://mrdata.usgs.gov/major-deposits/show-ofr20051294.php?rec_id=1732
1735,Shkolnoe,Russia,,Gold,Igneous,,,,,Gold,https://mrdata.usgs.gov/major-deposits/show-ofr20051294.php?rec_id=1735
1737,Sinyukhinskoye,Russia,,Gold,Hydrothermal,,,,,Gold,https://mrdata.usgs.gov/major-deposits/show-ofr20051294.php?rec_id=1737
1744,Sovetskoe,Russia,,Gold,Hydrothermal,,,,,Gold,https://mrdata.usgs.gov/major-deposits/show-ofr20051294.php?rec_id=1744
1746,Srednenuykzhinsk,Russia,,Gold,Surficial,,,,,Gold,https://mrdata.usgs.gov/major-deposits/show-ofr20051294.php?rec_id=1746
1750,Sukhoi Log,Russia,,Gold,Hydrothermal,,,,,Gold,https://mrdata.usgs.gov/major-deposits/show-ofr20051294.php?rec_id=1750
1752,"Susuman (Chai, Yuryuyen)",Russia,,Gold,Surficial,,,,,Gold,https://mrdata.usgs.gov/major-deposits/show-ofr20051294.php?rec_id=1752
1760,Taseevskoe,Russia,,Gold,Hydrothermal,,,,,Gold,https://mrdata.usgs.gov/major-deposits/show-ofr20051294.php?rec_id=1760
1767,Tokur,Russia,,Gold,Hydrothermal,,,,,Gold,https://mrdata.usgs.gov/major-deposits/show-ofr20051294.php?rec_id=1767
1783,Vasilkovskoe,Russia,,Gold,Hydrothermal,,,,,Gold,https://mrdata.usgs.gov/major-deposits/show-ofr20051294.php?rec_id=1783
1785,Verkhne-Indigirsky,Russia,,Gold,Surficial,,,,,Gold,https://mrdata.usgs.gov/major-deposits/show-ofr20051294.php?rec_id=1785
1787,Verkhne-Yansky,Russia,,Gold,Surficial,,,,,Gold,https://mrdata.usgs.gov/major-deposits/show-ofr20051294.php?rec_id=1787
1788,Verkhneamursk,Russia,,Gold,Surficial,,,,,Gold,https://mrdata.usgs.gov/major-deposits/show-ofr20051294.php?rec_id=1788
1789,Verkhneselemdzha 1,Russia,,Gold,Surficial,,,,,Gold,https://mrdata.usgs.gov/major-deposits/show-ofr20051294.php?rec_id=1789
1790,Verkhneselemdzha 2,Russia,,Gold,Surficial,,,,,Gold,https://mrdata.usgs.gov/major-deposits/show-ofr20051294.php?rec_id=1790
1791,Verkhnezeisk,Russia,,Gold,Surficial,,,,,Gold,https://mrdata.usgs.gov/major-deposits/show-ofr20051294.php?rec_id=1791
1793,Vetrenskoe,Russia,,Gold,Metamorphic,,,,,Gold,https://mrdata.usgs.gov/major-deposits/show-ofr20051294.php?rec_id=1793
1804,Zarechenskoye,Russia,,Gold,Hydrothermal,,,,,Gold,https://mrdata.usgs.gov/major-deposits/show-ofr20051294.php?rec_id=1804
1805,Zeiya-Selemdzha,Russia,,Gold,Surficial,,,,,Gold,https://mrdata.usgs.gov/major-deposits/show-ofr20051294.php?rec_id=1805
1811,Hodrusa District,Slovakia,,Gold,Hydrothermal,,,,,Gold,https://mrdata.usgs.gov/major-deposits/show-ofr20051294.php?rec_id=1811
1822,El Valle-Boinas-Carles,Spain,,Gold,Hydrothermal,,,,,Gold,https://mrdata.usgs.gov/major-deposits/show-ofr20051294.php?rec_id=1822
1834,Bjorkdal,Sweden,,Gold,Hydrothermal,,,,,Gold,https://mrdata.usgs.gov/major-deposits/show-ofr20051294.php?rec_id=1834
1845,Chore,Tajikistan,,Gold,Igneous,,,,,Gold,https://mrdata.usgs.gov/major-deposits/show-ofr20051294.php?rec_id=1845
1849,Jakhsu,Tajikistan,,Gold,Surficial,,,,,Gold,https://mrdata.usgs.gov/major-deposits/show-ofr20051294.php?rec_id=1849
1851,Jilau,Tajikistan,,Gold,Igneous,,,,,Gold,https://mrdata.usgs.gov/major-deposits/show-ofr20051294.php?rec_id=1851
1853,Taror,Tajikistan,,Gold,Hydrothermal,,,,,Gold,https://mrdata.usgs.gov/major-deposits/show-ofr20051294.php?rec_id=1853
1861,Beregovo,Ukraine,,Gold,Hydrothermal,,,,,Gold,https://mrdata.usgs.gov/major-deposits/show-ofr20051294.php?rec_id=1861
1881,Amantaytav,Uzbekistan,,Gold,Hydrothermal,,,,,Gold,https://mrdata.usgs.gov/major-deposits/show-ofr20051294.php?rec_id=1881
1884,Daugyztau,Uzbekistan,,Gold,Hydrothermal,,,,,Gold,https://mrdata.usgs.gov/major-deposits/show-ofr20051294.php?rec_id=1884
1889,Kokpatas,Uzbekistan,,Gold,Igneous,,,,,Gold,https://mrdata.usgs.gov/major-deposits/show-ofr20051294.php?rec_id=1889
1892,Muruntau,Uzbekistan,,Gold,Igneous,,,,,Gold,https://mrdata.usgs.gov/major-deposits/show-ofr20051294.php?rec_id=1892
1895,Zarmitan,Uzbekistan,,Gold,Igneous,,,,,Gold,https://mrdata.usgs.gov/major-deposits/show-ofr20051294.php?rec_id=1895
2185,Map Nora / Tati/Golden Eagle,Botswana,,Gold,Hydrothermal,,,,,Gold,https://mrdata.usgs.gov/major-deposits/show-ofr20051294.php?rec_id=2185
2186,"Shashe (Map Nora, Sashe)",Botswana,,Gold,Hydrothermal,,,,,Gold,https://mrdata.usgs.gov/major-deposits/show-ofr20051294.php?rec_id=2186
2195,Gurio,Burkina Faso,,Gold,Hydrothermal,,,,,Gold,https://mrdata.usgs.gov/major-deposits/show-ofr20051294.php?rec_id=2195
2196,Sebba,Burkina Faso,,Gold,Hydrothermal,,,,,Gold,https://mrdata.usgs.gov/major-deposits/show-ofr20051294.php?rec_id=2196
2249,AfÃ©ma (Asupiri Placer),CÃ´te DÂ’Ivoire,,Gold,Surficial,,,,,Gold,https://mrdata.usgs.gov/major-deposits/show-ofr20051294.php?rec_id=2249
2250,"AfÃ©ma (Asupiri, Aniuri, KouamÃ©kro Toliesso, Jonction, Brahima, Adiopan, Bagnan)",CÃ´te DÂ’Ivoire,,Gold,Hydrothermal,,,,,Gold,https://mrdata.usgs.gov/major-deposits/show-ofr20051294.php?rec_id=2250
2251,Ity,CÃ´te DÂ’Ivoire,,Gold,Hydrothermal,,,,,Gold,https://mrdata.usgs.gov/major-deposits/show-ofr20051294.php?rec_id=2251
2279,Ambaut (Anbaout),Egypt,,Gold,Hydrothermal,,,,,Gold,https://mrdata.usgs.gov/major-deposits/show-ofr20051294.php?rec_id=2279
2281,Um Ud (Umm 'Ud),Egypt,,Gold,Hydrothermal,,,,,Gold,https://mrdata.usgs.gov/major-deposits/show-ofr20051294.php?rec_id=2281
2282,Wadi Atalla,Egypt,,Gold,Hydrothermal,,,,,Gold,https://mrdata.usgs.gov/major-deposits/show-ofr20051294.php?rec_id=2282
2339,Adola Alluvial Deposits,Ethiopia,,Gold,Surficial,,,,,Gold,https://mrdata.usgs.gov/major-deposits/show-ofr20051294.php?rec_id=2339
2340,Dimma,Ethiopia,,Gold,Surficial,,,,,Gold,https://mrdata.usgs.gov/major-deposits/show-ofr20051294.php?rec_id=2340
2341,Tulu Kami,Ethiopia,,Gold,Hydrothermal,,,,,Gold,https://mrdata.usgs.gov/major-deposits/show-ofr20051294.php?rec_id=2341
2342,Tulu Kapi,Ethiopia,,Gold,Hydrothermal,,,,,Gold,https://mrdata.usgs.gov/major-deposits/show-ofr20051294.php?rec_id=2342
2360,"Bogosu (Bogoso, Abogosu)",Ghana,,Gold,Hydrothermal,,,,,Gold,https://mrdata.usgs.gov/major-deposits/show-ofr20051294.php?rec_id=2360
2361,Dunkwa Alluvial Operations,Ghana,,Gold,Surficial,,,,,Gold,https://mrdata.usgs.gov/major-deposits/show-ofr20051294.php?rec_id=2361
2363,Konongo/Obenemase/Pepe,Ghana,,Gold,Hydrothermal,,,,,Gold,https://mrdata.usgs.gov/major-deposits/show-ofr20051294.php?rec_id=2363
2364,Prestea,Ghana,,Gold,Hydrothermal,,,,,Gold,https://mrdata.usgs.gov/major-deposits/show-ofr20051294.php?rec_id=2364
2365,Sansu (Obuasi),Ghana,,Gold,Hydrothermal,,,,,Gold,https://mrdata.usgs.gov/major-deposits/show-ofr20051294.php?rec_id=2365
2366,"Tarkwa (Old Tarkwa, Pepe pit, Atuabo pit, Akontansi, Mantraim pit, Kottraverchy)",Ghana,,Gold,Surficial,,,,,Gold,https://mrdata.usgs.gov/major-deposits/show-ofr20051294.php?rec_id=2366
2381,Fayalala,Guinea,,Gold,Surficial,,,,,Gold,https://mrdata.usgs.gov/major-deposits/show-ofr20051294.php?rec_id=2381
2382,Koron (Didi Sag Concession),Guinea,,Gold,Surficial,,,,,Gold,https://mrdata.usgs.gov/major-deposits/show-ofr20051294.php?rec_id=2382
2383,Lero (LÃ©ro and Karta),Guinea,,Gold,Hydrothermal,,,,,Gold,https://mrdata.usgs.gov/major-deposits/show-ofr20051294.php?rec_id=2383
2384,"Siguiri (Sanou Tinti, Eureka Hill, Fatoya, Koron",Guinea,,Gold,Surficial,,,,,Gold,https://mrdata.usgs.gov/major-deposits/show-ofr20051294.php?rec_id=2384
2394,Agh Darreh,Iran,,Gold,Hydrothermal,,,,,Gold,https://mrdata.usgs.gov/major-deposits/show-ofr20051294.php?rec_id=2394
2395,Zarshuran,Iran,,Gold,Hydrothermal,,,,,Gold,https://mrdata.usgs.gov/major-deposits/show-ofr20051294.php?rec_id=2395
2367,Teberebie,Ghana,,Gold,Surficial,,,,,Gold,https://mrdata.usgs.gov/major-deposits/show-ofr20051294.php?rec_id=2367
2427,Unknown,Kenya,,Gold,Unclassified,,,,,Gold,https://mrdata.usgs.gov/major-deposits/show-ofr20051294.php?rec_id=2427
2493,"Syama-Tabakoroni Bagoe Region (Fourou, Sikasso)",Mali,,Gold,Hydrothermal,,,,,Gold,https://mrdata.usgs.gov/major-deposits/show-ofr20051294.php?rec_id=2493
2497,Akjoujt Tailings Project,Mauritania,,Gold,Hydrothermal,,,,,Gold,https://mrdata.usgs.gov/major-deposits/show-ofr20051294.php?rec_id=2497
2598,Koma Bangou,Niger,,Gold,Hydrothermal,,,,,Gold,https://mrdata.usgs.gov/major-deposits/show-ofr20051294.php?rec_id=2598
2613,Ad Duwayhi,Saudi Arabia,,Gold,Hydrothermal,,,,,Gold,https://mrdata.usgs.gov/major-deposits/show-ofr20051294.php?rec_id=2613
2614,Bulgah,Saudi Arabia,,Gold,Hydrothermal,,,,,Gold,https://mrdata.usgs.gov/major-deposits/show-ofr20051294.php?rec_id=2614
2615,Sukhaybarat,Saudi Arabia,,Gold,Hydrothermal,,,,,Gold,https://mrdata.usgs.gov/major-deposits/show-ofr20051294.php?rec_id=2615
2752,Orange Free State,South Africa,,Gold,Surficial,,,,,Gold,https://mrdata.usgs.gov/major-deposits/show-ofr20051294.php?rec_id=2752
2743,Barbrook,South Africa,,Gold,Hydrothermal,,,,,Gold,https://mrdata.usgs.gov/major-deposits/show-ofr20051294.php?rec_id=2743
2745,Boksburg,South Africa,,Gold,Unclassified,,,,,Gold,https://mrdata.usgs.gov/major-deposits/show-ofr20051294.php?rec_id=2745
2746,Caritonville,South Africa,,Gold,Unclassified,,,,,Gold,https://mrdata.usgs.gov/major-deposits/show-ofr20051294.php?rec_id=2746
2747,East Rand Egoli Consolidated,South Africa,,Gold,Surficial,,,,,Gold,https://mrdata.usgs.gov/major-deposits/show-ofr20051294.php?rec_id=2747
2748,Erfdeel-Dankbaarheidfreegold S.,South Africa,,Gold,Unclassified,,,,,Gold,https://mrdata.usgs.gov/major-deposits/show-ofr20051294.php?rec_id=2748
2749,H.J.Joel,South Africa,,Gold,Surficial,,,,,Gold,https://mrdata.usgs.gov/major-deposits/show-ofr20051294.php?rec_id=2749
2750,Jurgenshof,South Africa,,Gold,Unclassified,,,,,Gold,https://mrdata.usgs.gov/major-deposits/show-ofr20051294.php?rec_id=2750
2751,Knights,South Africa,,Gold,Unclassified,,,,,Gold,https://mrdata.usgs.gov/major-deposits/show-ofr20051294.php?rec_id=2751
2753,Poortje Section,South Africa,,Gold,Unclassified,,,,,Gold,https://mrdata.usgs.gov/major-deposits/show-ofr20051294.php?rec_id=2753
2754,South Deep,South Africa,,Gold,Surficial,,,,,Gold,https://mrdata.usgs.gov/major-deposits/show-ofr20051294.php?rec_id=2754
2755,Village Main Reef,South Africa,,Gold,Surficial,,,,,Gold,https://mrdata.usgs.gov/major-deposits/show-ofr20051294.php?rec_id=2755
2756,West Wits Egoli Consolidated,South Africa,,Gold,Surficial,,,,,Gold,https://mrdata.usgs.gov/major-deposits/show-ofr20051294.php?rec_id=2756
259,Kolar,India,,Gold,Hydrothermal,,,,"Roonwal and Wilson, 1998",Gold,https://mrdata.usgs.gov/major-deposits/show-ofr20051294.php?rec_id=259
286,Kelian,Indonesia,,Gold,Hydrothermal,,,,"Van Leeuwen and others, 1990",Gold,https://mrdata.usgs.gov/major-deposits/show-ofr20051294.php?rec_id=286
2948,Bulyanhulu,Tanzania,,Gold,Hydrothermal,,,,,Gold,https://mrdata.usgs.gov/major-deposits/show-ofr20051294.php?rec_id=2948
3008,Efemcukuru,Turkey,,Gold,Hydrothermal,,,,,Gold,https://mrdata.usgs.gov/major-deposits/show-ofr20051294.php?rec_id=3008
3009,Kaymaz,Turkey,,Gold,Hydrothermal,,,,,Gold,https://mrdata.usgs.gov/major-deposits/show-ofr20051294.php?rec_id=3009
3010,Kisladag,Turkey,,Gold,Hydrothermal,,,,,Gold,https://mrdata.usgs.gov/major-deposits/show-ofr20051294.php?rec_id=3010
3011,Kucukdere,Turkey,,Gold,Hydrothermal,,,,,Gold,https://mrdata.usgs.gov/major-deposits/show-ofr20051294.php?rec_id=3011
3012,Ovacik,Turkey,,Gold,Hydrothermal,,,,,Gold,https://mrdata.usgs.gov/major-deposits/show-ofr20051294.php?rec_id=3012
3111,"Bell, (Riverlea)",Zimbabwe,,Gold,Hydrothermal,,,,,Gold,https://mrdata.usgs.gov/major-deposits/show-ofr20051294.php?rec_id=3111
3112,Blanket,Zimbabwe,,Gold,Hydrothermal,,,,,Gold,https://mrdata.usgs.gov/major-deposits/show-ofr20051294.php?rec_id=3112
3113,"Commoner (Welcome Back, Colombina)",Zimbabwe,,Gold,Hydrothermal,,,,,Gold,https://mrdata.usgs.gov/major-deposits/show-ofr20051294.php?rec_id=3113
3114,"Dalny (Colne, Pixie)",Zimbabwe,,Gold,Hydrothermal,,,,,Gold,https://mrdata.usgs.gov/major-deposits/show-ofr20051294.php?rec_id=3114
3115,"Dawn (Queens Group, Barberton, Czarina, Queen's Mine)",Zimbabwe,,Gold,Hydrothermal,,,,,Gold,https://mrdata.usgs.gov/major-deposits/show-ofr20051294.php?rec_id=3115
3117,Elvington (Lone Star),Zimbabwe,,Gold,Hydrothermal,,,,,Gold,https://mrdata.usgs.gov/major-deposits/show-ofr20051294.php?rec_id=3117
3118,Felixburg Gold Belt,Zimbabwe,,Gold,Unclassified,,,,,Gold,https://mrdata.usgs.gov/major-deposits/show-ofr20051294.php?rec_id=3118
3119,Freda Rebecca,Zimbabwe,,Gold,Hydrothermal,,,,,Gold,https://mrdata.usgs.gov/major-deposits/show-ofr20051294.php?rec_id=3119
3120,Gaika (Robin Hood),Zimbabwe,,Gold,Hydrothermal,,,,,Gold,https://mrdata.usgs.gov/major-deposits/show-ofr20051294.php?rec_id=3120
3121,Globe and Phoenix,Zimbabwe,,Gold,Hydrothermal,,,,,Gold,https://mrdata.usgs.gov/major-deposits/show-ofr20051294.php?rec_id=3121
3122,"Indarama (Futi, Broomstock)",Zimbabwe,,Gold,Hydrothermal,,,,,Gold,https://mrdata.usgs.gov/major-deposits/show-ofr20051294.php?rec_id=3122
3123,Isabella (Calcite 1),Zimbabwe,,Gold,Hydrothermal,,,,,Gold,https://mrdata.usgs.gov/major-deposits/show-ofr20051294.php?rec_id=3123
3124,Kanyemba (Electra),Zimbabwe,,Gold,Hydrothermal,,,,,Gold,https://mrdata.usgs.gov/major-deposits/show-ofr20051294.php?rec_id=3124
3125,Long John,Zimbabwe,,Gold,Hydrothermal,,,,,Gold,https://mrdata.usgs.gov/major-deposits/show-ofr20051294.php?rec_id=3125
3126,Marvel,Zimbabwe,,Gold,Hydrothermal,,,,,Gold,https://mrdata.usgs.gov/major-deposits/show-ofr20051294.php?rec_id=3126
3127,Old Nic,Zimbabwe,,Gold,Hydrothermal,,,,,Gold,https://mrdata.usgs.gov/major-deposits/show-ofr20051294.php?rec_id=3127
3128,Patchway (Brompto),Zimbabwe,,Gold,Hydrothermal,,,,,Gold,https://mrdata.usgs.gov/major-deposits/show-ofr20051294.php?rec_id=3128
3116,Eiffel Flats (Eiffel Blue),Zimbabwe,,Gold,Hydrothermal,,,,,Gold,https://mrdata.usgs.gov/major-deposits/show-ofr20051294.php?rec_id=3116
144,Baguamiao,China,,Gold,Sedimentary,,,,"Peters, 2002",Gold,https://mrdata.usgs.gov/major-deposits/show-ofr20051294.php?rec_id=144
145,Dongping,China,,Gold,Igneous,,,,"Ariunbileg and others, 2003",Gold,https://mrdata.usgs.gov/major-deposits/show-ofr20051294.php?rec_id=145
152,Jinchanggouliang,China,,Gold,Igneous,,,,"Metals Economics Group, 1995",Gold,https://mrdata.usgs.gov/major-deposits/show-ofr20051294.php?rec_id=152
153,Laozhuoshan,China,,Gold,Igneous,,,,"Ariunbileg and others, 2003",Gold,https://mrdata.usgs.gov/major-deposits/show-ofr20051294.php?rec_id=153
353,Boroo,Mongolia,,Gold,Igneous,,,,"Ariunbileg and others, 2003",Gold,https://mrdata.usgs.gov/major-deposits/show-ofr20051294.php?rec_id=353
356,Tsagaantsakhir Uul,Mongolia,,Gold,Igneous,,,,"Ariunbileg and others, 2003",Gold,https://mrdata.usgs.gov/major-deposits/show-ofr20051294.php?rec_id=356
2633,Sabodala,Senegal,,Gold,Hydrothermal,,,,,Gold,https://mrdata.usgs.gov/major-deposits/show-ofr20051294.php?rec_id=2633
2744,Benoni,South Africa,,Gold,Unclassified,,,,,Gold,https://mrdata.usgs.gov/major-deposits/show-ofr20051294.php?rec_id=2744
2280,Hatit,Egypt,,Gold,Unclassified,,,,,Gold,https://mrdata.usgs.gov/major-deposits/show-ofr20051294.php?rec_id=2280
354,Bumbat,Mongolia,,Gold,Hydrothermal,,,,"ESCAP, 1999b",Gold,https://mrdata.usgs.gov/major-deposits/show-ofr20051294.php?rec_id=354
982,Boston (Hope Bay),Canada,,Gold,Hydrothermal,,,,"Kirkham and Rafer, 2003",Gold,https://mrdata.usgs.gov/major-deposits/show-ofr20051294.php?rec_id=982
297,Yamagano,Japan,,Gold,Hydrothermal,,,,"Mining and Materials Processing Institute of Japan, 1989",Gold,https://mrdata.usgs.gov/major-deposits/show-ofr20051294.php?rec_id=297
8,Samty,Afghanistan,,Gold,Surficial,,,,"Orris and Bliss, 2002",Gold,https://mrdata.usgs.gov/major-deposits/show-ofr20051294.php?rec_id=8
154,Liba,China,,Gold,Sedimentary,,,,"Peters, 2002",Gold,https://mrdata.usgs.gov/major-deposits/show-ofr20051294.php?rec_id=154
1128,Pascua,Chile,,Gold,Hydrothermal,,,,"Bissig and others, 2002",Gold,https://mrdata.usgs.gov/major-deposits/show-ofr20051294.php?rec_id=1128
1204,La Herradura,Mexico,,Gold,Hydrothermal,,,,"Fitch, 2000b",Gold,https://mrdata.usgs.gov/major-deposits/show-ofr20051294.php?rec_id=1204
944,Ouro Preto,Brazil,,Gold,Hydrothermal,,,,,Gold,https://mrdata.usgs.gov/major-deposits/show-ofr20051294.php?rec_id=944
1215,Nukay,Mexico,,Gold,Hydrothermal,,,,"Fitch, 2000a",Gold,https://mrdata.usgs.gov/major-deposits/show-ofr20051294.php?rec_id=1215
3129,"Pickstone (Pitchstone, Peerless, Concession Hill (doublon), Duchess Hill, St Kilda)",Zimbabwe,,Gold,Hydrothermal,,,,,Gold,https://mrdata.usgs.gov/major-deposits/show-ofr20051294.php?rec_id=3129
3130,"Rezende (Rezende Group, Elgin, Perthshire, Umtali)",Zimbabwe,,Gold,Hydrothermal,,,,,Gold,https://mrdata.usgs.gov/major-deposits/show-ofr20051294.php?rec_id=3130
3131,Sabi,Zimbabwe,,Gold,Hydrothermal,,,,,Gold,https://mrdata.usgs.gov/major-deposits/show-ofr20051294.php?rec_id=3131
3132,Sebakwe,Zimbabwe,,Gold,Unclassified,,,,,Gold,https://mrdata.usgs.gov/major-deposits/show-ofr20051294.php?rec_id=3132
3133,Venice,Zimbabwe,,Gold,Hydrothermal,,,,,Gold,https://mrdata.usgs.gov/major-deposits/show-ofr20051294.php?rec_id=3133
3134,Vubachikwe,Zimbabwe,,Gold,Hydrothermal,,,,,Gold,https://mrdata.usgs.gov/major-deposits/show-ofr20051294.php?rec_id=3134
2582,Navachab,Namibia,,Gold,Hydrothermal,,,,,Gold,https://mrdata.usgs.gov/major-deposits/show-ofr20051294.php?rec_id=2582
